"34 Million Friends of the United Nations population fund","Non-governmental organization","Maternal/reproductive health","United States of America","Americas"
"Abantu for Development","Non-governmental organization","Maternal/reproductive health","Kenya","Africa"
"Academia Nacional de Medicina","Academic, research and training institute","Health systems strengthening,Child health","Peru","Americas"
"Action Canada for Population and Development","Non-governmental organization","Health systems strengthening,Maternal/reproductive health,Child health","Canada","Americas"
"Action for Sustainable Health","Non-governmental organization","Health systems strengthening,Maternal/reproductive health,Newborn health","Nigeria","Africa"
"Action Group on adolescent health","Non-governmental organization","Maternal/reproductive health","Nigeria","Africa"
"ActionAid United States of America","Non-governmental organization","Health systems strengthening,Maternal/reproductive health,Child health","United States of America","Americas"
"Advanced Life Support in Obstetrics Advisory Board (ALSO)","Academic, research and training institute","Maternal/reproductive health,Child health","United States of America","Americas"
"Advocacy Initiative for Development (AID)","Non-governmental organization","Health systems strengthening,Maternal/reproductive health,Newborn health","Sierra Leone","Africa"
"Africa Public Health Rights Alliance and ?15% Now!? Campaign","Non-governmental organization","Health systems strengthening","Nigeria","Africa"
"Africa solutions, Inc.","Non-governmental organization","Maternal/reproductive health,Newborn health,Child health","United States of America","Americas"
"Africa Youth for Peace and Development Organization","Non-governmental organization","Maternal/reproductive health,Newborn health,Child health","Sierra Leone","Africa"
"African Medical and Research Foundation (AMREF)","Non-governmental organization","Health systems strengthening,Maternal/reproductive health,Newborn health","Kenya","Africa"
"African Synergy against AIDS and Suffering","Non-governmental organization","Health systems strengthening,Maternal/reproductive health,Newborn health,Child health","Cameroon","Africa"
"African Woman Foundation","Academic, research and training institute","Maternal/reproductive health,Newborn health","Netherlands","Europe"
"African Woman Foundation","Academic, research and training institute","Maternal/reproductive health,Newborn health","Netherlands","Europe"
"Aga Khan Development Network","Non-governmental organization","Health systems strengthening","France","Europe"
"Aga Khan University","Academic, research and training institute","Health systems strengthening,Child health","Pakistan","Eastern Mediterranean"
"Aisedup","Non-governmental organization","Maternal/reproductive health,Child health","Bangladesh","South-East Asia"
"Akaa Project (The)","Non-governmental organization","Health systems strengthening,Maternal/reproductive health,Newborn health,Child health","Ghana","Africa"
"Alexandria University, Faculty of Medicine, High Institute of Public Health (HIPH)","Academic, research and training institute","Health systems strengthening,Child health","Egypt","Eastern Mediterranean"
"Alianza Argentina para la salud de la madre, recien nacido y nino","Non-governmental organization","Maternal/reproductive health,Newborn health,Child health","Argentina","Americas"
"All India Institute of Medical Sciences","Academic, research and training institute","Health systems strengthening,Child health","India","South-East Asia"
"Alliance for Reproductive Health Rights (ARHR)","Non-governmental organization","Health systems strengthening,Maternal/reproductive health,Child health","Ghana","Africa"
"Alliance of Bulgarian Midwives","Non-governmental organization","Health systems strengthening,Maternal/reproductive health,Newborn health","Bulgaria","Europe"
"American Academy of Pediatrics","Professional association","Maternal/reproductive health,Newborn health,Child health","United States of America","Americas"
"American College of Nurse-Midwives","Professional association","Health systems strengthening,Maternal/reproductive health","United States of America","Americas"
"Anayetpur Mohila Kallyan Society","Non-governmental organization","Maternal/reproductive health,Newborn health,Child health","Bangladesh","South-East Asia"
"Aria International","Non-governmental organization","Health systems strengthening","United States of America","Americas"
"Asian Liver Centre at Stanford University","Non-governmental organization","Health systems strengthening,Newborn health,Child health","United States of America","Americas"
"ASL di Milano","Academic, research and training institute","Health systems strengthening,Maternal/reproductive health,Newborn health","Italy","Europe"
"Asociasi?n Ben?fica PRISMA","Non-governmental organization","Maternal/reproductive health,Newborn health,Child health","Peru","Americas"
"Association of Maternal and Child Health Programs (AMCHP)","Non-governmental organization","Maternal/reproductive health,Newborn health,Child health","United States of America","Americas"
"Association of People With AIDS in Kenya","Non-governmental organization","Maternal/reproductive health,Newborn health","Kenya","Africa"
"Association of Safe Motherhood Promoters Nigeria","Non-governmental organization","Maternal/reproductive health","Nigeria","Africa"
"Australian Agency for International Development (AusAID","Donor and foundation","Health systems strengthening,Maternal/reproductive health,Newborn health","Australia","Western Pacific"
"Averting Maternal Death and Disability (AMDD)","Academic, research and training institute","Maternal/reproductive health,Newborn health","United States of America","Americas"
"Azad India Foundation","Non-governmental organization","Maternal/reproductive health,Newborn health,Child health","India","South-East Asia"
"Bangladesh Rural Advancement Commission (BRAC)","Non-governmental organization","Maternal/reproductive health,Newborn health,Child health","Bangladesh","South-East Asia"
"Batool Welfare Trust (BWT)","Non-governmental organization","Health systems strengthening,Maternal/reproductive health,Newborn health","Pakistan","South-East Asia"
"Baylor College of Medicine Childrens Foundation Malawi","Academic, research and training institute","Maternal/reproductive health,Newborn health,Child health","Malawi","Africa"
"BD","Private sector","Health systems strengthening,Maternal/reproductive health,Child health","United States of America","Americas"
"Ben Gurion University of the Negev Medical School for International Health","Academic, research and training institute","Health systems strengthening,Child health","Israel","Europe"
"Bethlehem Foundation For Safe motherhood","Non-governmental organization","Maternal/reproductive health,Child health,Child health","Nigeria","Africa"
"Bhartiya Mahila Evam Gramin Utthan Sansthan","Non-governmental organization","Health systems strengthening,Maternal/reproductive health,Newborn health","India","South-East Asia"
"Bhoruka Public Welfare Trust","Non-governmental organization","Health systems strengthening,Maternal/reproductive health,Child health","India","South-East Asia"
"Bill & Melinda Gates Foundation","Donor and foundation","Health systems strengthening,Maternal/reproductive health,Newborn health","United States of America","Americas"
"Blue Torch Home Care Limited","Private sector","Health systems strengthening,Maternal/reproductive health,Child health","Nigeria","Africa"
"Breastfeeding Promotion Network of India","Non-governmental organization","Maternal/reproductive health,Newborn health,Child health","India","South-East Asia"
"Bridgewise","Non-governmental organization","Maternal/reproductive health,Newborn health,Child health","Bahamas","Americas"
"Burnet Institute","Academic, research and training institute","Health systems strengthening,Maternal/reproductive health,Newborn health","Australia","Western Pacific"
"Cameroon Christian Welfare Medical Foundation (CAMCWEMEF)","Non-governmental organization","Health systems strengthening,Maternal/reproductive health,Newborn health","Cameroon","Africa"
"Canadian International Development Agency (CIDA)","Donor and foundation","Health systems strengthening,Child health","Canada","Americas"
"Canadian Public Health Association","Professional association","Maternal/reproductive health,Newborn health,Child health","Canada","Americas"
"Canadian Society for International Health (CSIH)","Non-governmental organization","Health systems strengthening,Child health","Canada","Americas"
"Cara International Consulting Ltd","Non-governmental organization","Maternal/reproductive health,Newborn health,Child health","United Kingdom of Great Britain and Northern Ireland","Europe"
"Care International Zambia","Non-governmental organization","Health systems strengthening,Maternal/reproductive health,Child health","Zambia","Africa"
"Care United States of America","Non-governmental organization","Health systems strengthening,Maternal/reproductive health,Child health","United States of America","Americas"
"Carolina Breastfeeding Institute","Academic, research and training institute","Maternal/reproductive health,Newborn health,Child health","United States of America","Americas"
"Catalan Agency for Health Technology Assessment (CAHTA)","Academic, research and training institute","Maternal/reproductive health,Newborn health,Child health","Spain","Europe"
"CEDES, Centro de Estudios de Estado y Sociedad","Non-governmental organization","Health systems strengthening,Maternal/reproductive health,Newborn health","Argentina","Americas"
"Center for Review and Prevention of Child Death","Non-governmental organization","Health systems strengthening,Newborn health,Child health","United States of America","Americas"
"Centers for Disease Control & Prevention, Division of Reproductive Health (CDC)","Donor and foundation","Health systems strengthening,Maternal/reproductive health,Newborn health","United States of America","Americas"
"Centre d'Accueil et de Volontariat pour Orphelins, Abandonnes et Handicapes du Cameroun (CAVOAHCAM)","Non-governmental organization","Health systems strengthening,Maternal/reproductive health,Newborn health","Cameroon","Africa"
"Centre for Counselling, Nutrition and Health Care (COUNSENUTH)","Non-governmental organization","Health systems strengthening,Maternal/reproductive health","United Republic of Tanzania","Africa"
"Centre for Development and Population Activities (CEDPA)","Non-governmental organization","Maternal/reproductive health,Newborn health,Child health","United States of America","Americas"
"Centre for Girls and Interaction (CEGI)","Non-governmental organization","Maternal/reproductive health,Child health","Malawi","Africa"
"Centre for Global Health and Development, Boston University","Academic, research and training institute","Health systems strengthening,Maternal/reproductive health,Newborn health","United States of America","Americas"
"Centre for Global Health, Population, Poverty & Policy (CGHP3)","Academic, research and training institute","Maternal/reproductive health,Newborn health,Child health","United Kingdom of Great Britain and Northern Ireland","Europe"
"Centre for Health and Population Studies (CHPS)","Academic, research and training institute","Health systems strengthening,Child health","Pakistan","Eastern Mediterranean"
"Centre for Health and Social Justice","Academic, research and training institute","Health systems strengthening,Maternal/reproductive health,Child health","India","South-East Asia"
"Centre for Health Policy and Innovation","Academic, research and training institute","Health systems strengthening,Child health,Child health","South Africa","Africa"
"Centre for Health Sciences Training, Research and Development (CHESTRAD)","Non-governmental organization","Health systems strengthening,Maternal/reproductive health,Child health,Child health","Nigeria","Africa"
"Centre for Healthworks, Development and Research (CHEDRES)","Non-governmental organization","Health systems strengthening,Maternal/reproductive health","Nigeria","Africa"
"Centre for Pregnancy and Childbirth Education (CEPAGE)","Non-governmental organization","Maternal/reproductive health,Newborn health,Child health","Ghana","Africa"
"Centro Rosarino de Estudios Perinatales (CREP)","Non-governmental organization","Health systems strengthening,Maternal/reproductive health,Newborn health","Argentina","Americas"
"Cercle des Amis du Cameroun (CERAC)","Non-governmental organization","Maternal/reproductive health,Child health","Cameroon","Africa"
"Chalmeda Anand Rao Institute of Medical Sciences","Academic, research and training institute","Maternal/reproductive health,Child health","India","South-East Asia"
"Chelma Advisory Institute","Non-governmental organization","Maternal/reproductive health,Newborn health,Child health","Kenya","Africa"
"CHETNA","Non-governmental organization","Maternal/reproductive health","India","South-East Asia"
"Child & Family Research Institute","Academic, research and training institute","Health systems strengthening,Maternal/reproductive health,Newborn health","Canada","Americas"
"Child Health and Nutrition Research Initiative (CHNRI)","Non-governmental organization","Child health,Child health","Bangladesh","South-East Asia"
"Child, Maternal & Youth Leadership Initiative","Non-governmental organization","Health systems strengthening,Maternal/reproductive health,Newborn health","Nigeria","Africa"
"Child-Maternal & Adolescent Life Project (CIMALP)","Non-governmental organization","Maternal/reproductive health,Newborn health,Child health","Nigeria","Africa"
"ChildFund India","Non-governmental organization","Maternal/reproductive health,Newborn health,Child health","India","South-East Asia"
"Childlink Foundation","Non-governmental organization","Maternal/reproductive health,Newborn health,Child health","Ghana","Africa"
"Children's Project International","Non-governmental organization","Maternal/reproductive health,Newborn health,Child health","United States of America","Americas"
"Choices and Challenges on Changing Childbirth (CCCC), Regional Research Network","Academic, research and training institute","Maternal/reproductive health,Newborn health","Lebanon","Eastern Mediterranean"
"Christian Community Developement Programme (CCDP)","Non-governmental organization","Maternal/reproductive health,Newborn health,Child health,Child health","Sierra Leone","Africa"
"CIAM Public Health Research & Development Centre","Non-governmental organization","Health systems strengthening,Maternal/reproductive health,Child health","Gambia","Africa"
"CLAN (Caring & Living As Neighbours)","Non-governmental organization","Health systems strengthening,Child health,Child health","Australia","South-East Asia"
"Coalition for Rational and Safe Use of Medicines (CORSUM)","Non-governmental organization","Health systems strengthening,Child health","Moldova","Europe"
"Cochrane Pregnancy & Childbirth Group","Academic, research and training institute","Maternal/reproductive health,Newborn health,Child health","United Kingdom of Great Britain and Northern Ireland","Europe"
"Columbia University, Mailman School of Public Health","Academic, research and training institute","Health systems strengthening","United States of America","Americas"
"Comite de Lutte contre les Pand�mies pour le D�veloppement Durable au Cameroun (CLPC)","Non-governmental organization","Health systems strengthening,Maternal/reproductive health,Newborn health,Child health","Cameroon","Africa"
"CommonHealth (Coalition on Maternal-Neonatal Health and Safe Abortion)","Non-governmental organization","Maternal/reproductive health,Newborn health","India","South-East Asia"
"Commonwealth Secretariat","Non-governmental organization","Health systems strengthening,Child health","United Kingdom of Great Britain and Northern Ireland","Europe"
"Community and Family Aid Foundation","Non-governmental organization","Health systems strengthening,Maternal/reproductive health,Child health","Ghana","Africa"
"Community Transcultural Support Services (CTSS)","Non-governmental organization","Health systems strengthening,Maternal/reproductive health,Newborn health","Canada","Americas"
"Compassion Service Society","Non-governmental organization","Health systems strengthening,Child health","India","South-East Asia"
"Concept Foundation","Non-governmental organization","Maternal/reproductive health","Thailand","South-East Asia"
"Concern Worldwide US","Non-governmental organization","Health systems strengthening,Maternal/reproductive health,Newborn health","United States of America","Americas"
"CORE Group","Non-governmental organization","Health systems strengthening,Maternal/reproductive health,Newborn health","United States of America","Americas"
"Council of International Neonatal Nurses (COINN)","Professional association","Maternal/reproductive health,Newborn health,Child health","United States of America","Americas"
"Curamericas Global, Inc.","Non-governmental organization","Health systems strengthening,Maternal/reproductive health,Newborn health","United States of America","Americas"
"DALIT","Non-governmental organization","Health systems strengthening,Maternal/reproductive health,Child health","Bangladesh","South-East Asia"
"Deepak Foundation","Non-governmental organization","Health systems strengthening,Maternal/reproductive health,Newborn health","India","South-East Asia"
"Department for International Development, United Kingdom (DFID)","Donor and foundation","Health systems strengthening,Child health","United Kingdom of Great Britain and Northern Ireland","Europe"
"Department of Global Health Policy, Graduate School of Medicine","Academic, research and training institute","Health systems strengthening,Maternal/reproductive health,Newborn health","Japan","Western Pacific"
"Destiny Enablers Foundation (DEF)","Non-governmental organization","Health systems strengthening,Maternal/reproductive health,Newborn health","Uganda","Africa"
"Deutsche Stiftung Weltbevoelkerung (DSW)","Non-governmental organization","Maternal/reproductive health","Germany","Europe"
"Development Assistance for Farmers & Farm Labors Bangladesh (DAFF - Bangladesh)","Non-governmental organization","Maternal/reproductive health,Child health","Bangladesh","South-East Asia"
"Development Communications Network","Non-governmental organization","Health systems strengthening,Maternal/reproductive health","Nigeria","Africa"
"Development Gateway Foundation","Non-governmental organization","Health systems strengthening,Child health","India","South-East Asia"
"Development Media International","Private sector","Maternal/reproductive health,Newborn health,Child health","United Kingdom of Great Britain and Northern Ireland","Europe"
"Development Organisation of the Rural Poor (DORP)","Non-governmental organization","Maternal/reproductive health,Newborn health,Child health","Bangladesh","South-East Asia"
"Disease Management Association of India (DMAI)","Non-governmental organization","Health systems strengthening,Maternal/reproductive health,Child health","India","South-East Asia"
"Doctors with Africa (CUAMM)","Non-governmental organization","Health systems strengthening","Italy","Europe"
"Doris Duke Charitable Foundation","Donor and foundation","Health systems strengthening,Child health,Child health","United States of America","Americas"
"Eakok Attomanobik Unnayan Sangstha","Non-governmental organization","Health systems strengthening,Maternal/reproductive health","Bangladesh","South-East Asia"
"Edem Children Foundation (ECF)","Non-governmental organization","Health systems strengthening,Maternal/reproductive health,Newborn health","Nigeria","Africa"
"Education Development Foundation for Excellence (EDFE)","Non-governmental organization","Health systems strengthening,Maternal/reproductive health,Newborn health","Nigeria","Africa"
"EKJUT","Non-governmental organization","Health systems strengthening,Maternal/reproductive health,Newborn health","India","South-East Asia"
"Elizabeth Glaser Pediatric AIDS Foundation","Non-governmental organization","Health systems strengthening,Maternal/reproductive health,Newborn health","United States of America","Americas"
"Elizka Relief Foundation","Non-governmental organization","Health systems strengthening","Ghana","Africa"
"Emory University","Academic, research and training institute","Health systems strengthening,Child health","United States of America","Americas"
"Empowering Women For excellence Initiative (EWEI)","Non-governmental organization","Maternal/reproductive health","Nigeria","Africa"
"Enfants du Monde","Non-governmental organization","Child health,Child health","Switzerland","Europe"
"Engender Health","Non-governmental organization","Maternal/reproductive health,Newborn health,Child health","United States of America","Americas"
"Eniware, LLC","Private sector","Maternal/reproductive health,Newborn health,Child health,Child health","United States of America","Americas"
"Equilibres international","Non-governmental organization","Maternal/reproductive health","Democratic Republic of the Congo","Africa"
"Esperanza Maternal, Newborn & Child Health Centre","Non-governmental organization","Health systems strengthening,Maternal/reproductive health,Newborn health","Uganda","Africa"
"European Commission","Donor and foundation","Health systems strengthening","Belgium","Europe"
"Extending Service Delivery Project (ESD)","Non-governmental organization","Maternal/reproductive health","United States of America","Americas"
"Face Out Malaria and AIDS Foundation (FOMA)","Non-governmental organization","Health systems strengthening,Maternal/reproductive health,Child health","Nigeria","Africa"
"Family Care International (FCI)","Non-governmental organization","Maternal/reproductive health","United States of America","Americas"
"Family Guidance Association of Ethiopia","Non-governmental organization","Maternal/reproductive health,Newborn health,Child health","Ethiopia","Africa"
"Family Health Development Organization","Non-governmental organization","Maternal/reproductive health,Newborn health,Child health","Bangladesh","South-East Asia"
"Fatherhood Institute","Non-governmental organization","Health systems strengthening","United Kingdom of Great Britain and Northern Ireland","Europe"
"Federal University of Pelotas, Brazil","Academic, research and training institute","Health systems strengthening","Brazil","Americas"
"Federation of Asia and Oceania Perinatal Societies (FAOPS)","Professional association","Health systems strengthening,Maternal/reproductive health","Thailand","South-East Asia"
"FHI","Non-governmental organization","Health systems strengthening,Maternal/reproductive health,Newborn health","United States of America","Americas"
"Fondation des Jeunes Volontaires Actifs et Dynamiques du Cameroun (FJEVAD)","Non-governmental organization","Child health","Cameroon","Africa"
"Forum for Human Rights and Public Health-Nepal (Friendship-Nepal)","Non-governmental organization","Health systems strengthening,Child health","Nepal","South-East Asia"
"Foundation Josiaslive","Non-governmental organization","Maternal/reproductive health,Newborn health,Child health","Cameroon","Africa"
"France, Ministry of Foreign and European Affairs","Donor and foundation","Health systems strengthening,Maternal/reproductive health,Newborn health","France","Europe"
"Future Generations","Non-governmental organization","Health systems strengthening,Maternal/reproductive health,Newborn health","United States of America","Americas"
"Future Group International","Non-governmental organization","Health systems strengthening,Child health","United States of America","Americas"
"G.M. Khan Memorial Medical Centre & Maternity Home","Professional association","Maternal/reproductive health","Pakistan","Eastern Mediterranean"
"Gavi Alliance","Multilateral organization","Maternal/reproductive health,Newborn health,Child health","Switzerland","Europe"
"Generation Youth Uganda (GYU)","Non-governmental organization","Child health","Uganda","Africa"
"Generosity International Lifecare Development Coalition","Non-governmental organization","Health systems strengthening,Maternal/reproductive health,Newborn health","Uganda","Africa"
"Georgetown University Institute for Reproductive Health","Academic, research and training institute","Health systems strengthening,Maternal/reproductive health","United States of America","Americas"
"German Federal Ministry for Economic Cooperation and Development (BMZ)","Donor and foundation","Health systems strengthening","Germany","Europe"
"Gharbbarakshambigai Fertility Centre","Non-governmental organization","Maternal/reproductive health,Newborn health,Child health","India","South-East Asia"
"GICAR -CAM - Organisation de Developpement et des Droits de l'Homme","Non-governmental organization","Maternal/reproductive health,Child health,Child health","Cameroon","Africa"
"Global Alliance to Prevent Prematurity and Stillbirth (GAPPS)","Non-governmental organization","Maternal/reproductive health,Newborn health,Child health","United States of America","Americas"
"Global Fund to Fight AIDS, Tuberculosis and Malaria","Donor and foundation","Health systems strengthening,Maternal/reproductive health,Newborn health","Switzerland","Europe"
"Global Health Council","Non-governmental organization","Health systems strengthening,Maternal/reproductive health,Newborn health","United States of America","Americas"
"Global Movement for Children","Non-governmental organization","Health systems strengthening,Maternal/reproductive health,Newborn health","Spain","Europe"
"Global Network for Neglected Tropical Diseases","Non-governmental organization","Health systems strengthening,Maternal/reproductive health,Child health","United States of America","Americas"
"Global Network for Perinatal and Reproductive Health","Academic, research and training institute","Maternal/reproductive health,Newborn health","United States of America","Americas"
"Global Network for Women's and Children's Health Research","Academic, research and training institute","Maternal/reproductive health,Newborn health,Child health","United States of America","Americas"
"Global Organization for Maternal and Child Health","Non-governmental organization","Health systems strengthening,Maternal/reproductive health,Newborn health","United States of America","Americas"
"Government of Bangladesh","Partner country","Health systems strengthening,Maternal/reproductive health,Newborn health","Bangladesh","South-East Asia"
"Government of Bolivia","Partner country","Health systems strengthening,Maternal/reproductive health,Newborn health","Bolivia","Americas"
"Government of Cambodia","Partner country","Health systems strengthening,Maternal/reproductive health,Newborn health,Child health","Cambodia","Western Pacific"
"Government of Chile","Partner country","Health systems strengthening,Maternal/reproductive health,Newborn health,Child health","Chile","Americas"
"Government of Ethiopia","Partner country","Health systems strengthening,Maternal/reproductive health,Newborn health,Child health","Ethiopia","Africa"
"Government of India","Partner country","Health systems strengthening,Maternal/reproductive health,Newborn health","India","South-East Asia"
"Government of Indonesia","Partner country","Health systems strengthening,Maternal/reproductive health,Newborn health","Indonesia","South-East Asia"
"Government of Mali","Partner country","Health systems strengthening,Maternal/reproductive health,Newborn health,Child health","Mali","Africa"
"Government of Mozambique","Partner country","Health systems strengthening,Maternal/reproductive health,Newborn health,Child health","Mozambique","Africa"
"Government of Nepal","Partner country","Health systems strengthening,Maternal/reproductive health,Newborn health,Child health","Nepal","South-East Asia"
"Government of Nigeria","Partner country","Health systems strengthening,Maternal/reproductive health,Newborn health,Child health","Nigeria","Africa"
"Government of Pakistan","Partner country","Health systems strengthening,Maternal/reproductive health,Newborn health,Child health","Pakistan","Eastern Mediterranean"
"Government of Senegal","Partner country","Health systems strengthening,Maternal/reproductive health,Newborn health,Child health","Senegal","Africa"
"Government of Tanzania","Partner country","Health systems strengthening,Maternal/reproductive health,Newborn health,Child health","United Republic of Tanzania","Africa"
"Government of Uganda","Partner country","Health systems strengthening,Maternal/reproductive health,Newborn health,Child health","Uganda","Africa"
"Gram Bharati Samiti (GBS)","Non-governmental organization","Health systems strengthening,Maternal/reproductive health,Newborn health,Child health","India","South-East Asia"
"Grameen Development Society (GDS)","Non-governmental organization","Maternal/reproductive health,Newborn health,Child health","Bangladesh","South-East Asia"
"Granti-Med Medical Clinic","Professional association","Maternal/reproductive health,Newborn health,Child health","Russia","Europe"
"Great Lakes in action for Peace and Sustainable Development","Non-governmental organization","Health systems strengthening,Maternal/reproductive health,Newborn health","Democratic Republic of the Congo","Africa"
"Green Cross Welfare Organization","Non-governmental organization","Health systems strengthening,Maternal/reproductive health,Newborn health,Child health","Pakistan","South-East Asia"
"GSM Association","Private sector","Health systems strengthening","United Kingdom of Great Britain and Northern Ireland","Europe"
"Guards of the Earth and the Vulnerable","Non-governmental organization","Health systems strengthening,Maternal/reproductive health,Newborn health,Child health","Ghana","Africa"
"Gulu University - Department of Reproductive Health","Academic, research and training institute","Health systems strengthening,Maternal/reproductive health,Newborn health","Uganda","Africa"
"Gynuity Health Projects","Non-governmental organization","Maternal/reproductive health","United States of America","Americas"
"Harvard Humanitarian Initiative and Massachussets General Hospital","Academic, research and training institute","Health systems strengthening","United States of America","Americas"
"Hasaan Foundation","Non-governmental organization","Health systems strengthening,Maternal/reproductive health,Newborn health","Pakistan","South-East Asia"
"Hayfords Global Foundation","Professional association","Maternal/reproductive health,Newborn health,Child health","Nigeria","Africa"
"Health Alliance International","Non-governmental organization","Health systems strengthening,Child health","United States of America","Americas"
"Health and Development Foundation","Non-governmental organization","Health systems strengthening,Maternal/reproductive health,Child health","Russian Federation","Europe"
"Health and Development International (HDI)","Non-governmental organization","Health systems strengthening,Child health","Norway","Europe"
"Health Partners International","Private sector","Health systems strengthening,Maternal/reproductive health,Newborn health,Child health","United Kingdom of Great Britain and Northern Ireland","Europe"
"Health Right International","Non-governmental organization","Health systems strengthening,Child health","United States of America","Americas"
"Health Vigilance Programme Cameroon (HVP)","Non-governmental organization","Maternal/reproductive health,Newborn health,Child health,Child health","Cameroon","Africa"
"Healthcare Links","Non-governmental organization","Health systems strengthening","Ghana","Africa"
"Healthsystem Plus","Non-governmental organization","Health systems strengthening","United States of America","Americas"
"Healthy Mother Wellness and Care","Professional association","Maternal/reproductive health,Newborn health","India","South-East Asia"
"Healthy Mothers Healthy Babies Coalition of Hawaii","Non-governmental organization","Maternal/reproductive health,Newborn health,Child health","United States of America","Americas"
"Heideliberg Christian Community & Medical Centre","Non-governmental organization","Maternal/reproductive health,Newborn health,Child health,Child health","Kenya","Africa"
"Helen Keller International","Non-governmental organization","Maternal/reproductive health,Newborn health,Child health","United States of America","Americas"
"Himalayan Inland Mission CHDP Programme","Non-governmental organization","Health systems strengthening","India","South-East Asia"
"Hindustan Latex Family Planning Promotion Trust (HLFPPT)","Non-governmental organization","Health systems strengthening","India","South-East Asia"
"Hoc Mai Australia Vietnam Medical Foundation","Academic, research and training institute","Health systems strengthening,Maternal/reproductive health,Newborn health,Child health","Australia","Western Pacific"
"Hope Alive Childcare Initiative","Non-governmental organization","Health systems strengthening,Maternal/reproductive health,Newborn health","Nigeria","Africa"
"Horizon Youth Development (HYD)","Non-governmental organization","Health systems strengthening,Maternal/reproductive health,Child health","Ethiopia","Africa"
"Human Advancement, Reorientation and Empowerment for Environment & Health (HAREETH)","Non-governmental organization","Health systems strengthening","India","South-East Asia"
"Human Resources for Health Knowledge Hub, University of New South Wales","Academic, research and training institute","Health systems strengthening,Maternal/reproductive health,Newborn health","Australia","Western Pacific"
"Human Rights Watch","Non-governmental organization","Maternal/reproductive health","United States of America","Americas"
"Ibis Reproductive Health","Non-governmental organization","Maternal/reproductive health","United States of America","Americas"
"Impact Partners in Social Development","Private sector","Health systems strengthening,Maternal/reproductive health,Newborn health","India","South-East Asia"
"Indian Council of Medical Research","Academic, research and training institute","Health systems strengthening","India","South-East Asia"
"Indian Social Service Institute","Non-governmental organization","Health systems strengthening,Maternal/reproductive health,Newborn health","India","South-East Asia"
"Infante Sano","Non-governmental organization","Maternal/reproductive health,Newborn health,Child health","United States of America","Americas"
"Initiative for Maternal Mortality Programme Assessment (IMMPACT)","Academic, research and training institute","Maternal/reproductive health","United Kingdom of Great Britain and Northern Ireland","Europe"
"Institut National de Sante Publique","Academic, research and training institute","Health systems strengthening","Burundi","Africa"
"Institute for Clinical Effectiveness and Health Policy  (IECS)","Non-governmental organization","Health systems strengthening,Maternal/reproductive health,Newborn health,Child health","Argentina","Americas"
"Institute for Global Health of Barcelona (ISGLOBAL)","Academic, research and training institute","Health systems strengthening,Maternal/reproductive health,Newborn health","Spain","Europe"
"Institute for OneWorld Health","Non-governmental organization","Health systems strengthening","United States of America","Americas"
"Institute of Child Health","Academic, research and training institute","Child health","United Kingdom of Great Britain and Northern Ireland","Europe"
"Institute of Science Technology, Breastfeeding Research and Advocacy Group","Academic, research and training institute","Newborn health","Cameroon","Africa"
"Instituto de Cooperaci�n Social - Integrare","Academic, research and training institute","Health systems strengthening,Maternal/reproductive health,Newborn health","Spain","Europe"
"Instituto Multidisciplinario para la Salud","Academic, research and training institute","Health systems strengthening,Maternal/reproductive health,Newborn health","Guatemala","Americas"
"Instituto per l'Infanza IRSS Burlo Garofolo","Academic, research and training institute","Maternal/reproductive health,Newborn health,Child health","Italy","Europe"
"Integrated Health for All Foundation (IHAF","Non-governmental organization","Maternal/reproductive health,Child health,Child health","Cameroon","Africa"
"Integrated Social Development Effort (ISDE)","Non-governmental organization","Maternal/reproductive health,Newborn health,Child health","Bangladesh","South-East Asia"
"Integrated Village Development Society (IVDS)","Non-governmental organization","Maternal/reproductive health","Bangladesh","South-East Asia"
"Intel Corporation","Private sector","Health systems strengthening,Maternal/reproductive health,Child health","United States of America","Americas"
"Inter-Parliamentary Union","Multilateral organization","Maternal/reproductive health,Newborn health,Child health","Switzerland","Europe"
"Interact Worldwide","Non-governmental organization","Maternal/reproductive health,Newborn health,Child health","United Kingdom of Great Britain and Northern Ireland","Europe"
"Interchurch Medical Assistance (IMA) -","Non-governmental organization","Health systems strengthening","United States of America","Americas"
"International Association for Maternal and Neonatal Health (IAMANEH)","Non-governmental organization","Maternal/reproductive health,Newborn health,Child health","Switzerland","Europe"
"International Association of Infant Massage, Australia","Non-governmental organization","Maternal/reproductive health,Newborn health","Australia","South-East Asia"
"International Baby Food Action Network (IBFAN)","Non-governmental organization","Maternal/reproductive health,Newborn health,Child health","Switzerland","Europe"
"International Baby Food Action Network (IBFAN)","Non-governmental organization","Maternal/reproductive health,Newborn health,Child health,Child health","Swaziland","Africa"
"International Center for Research on Women (ICRW)","Academic, research and training institute","Maternal/reproductive health","United States of America","Americas"
"International Centre for Diarrhoeal Disease Research, Bangladesh (ICDDR,B)","Academic, research and training institute","Health systems strengthening,Maternal/reproductive health,Newborn health","Bangladesh","South-East Asia"
"International Centre for Reproductive Health","Academic, research and training institute","Maternal/reproductive health,Child health","Belgium","Europe"
"International Child Health Group","Professional association","Newborn health,Child health","United Kingdom of Great Britain and Northern Ireland","Europe"
"International Children's Center","Non-governmental organization","Child health","Turkey","Europe"
"International Confederation of Midwives (ICM)","Professional association","Maternal/reproductive health","Netherlands","Europe"
"International Council for Control of Iodine Deficiency Disorders (ICCIDD)","Non-governmental organization","Child health,Child health","Canada","Americas"
"International Council of Nurses?","Professional association","Health systems strengthening","Switzerland","Europe"
"International Diabetes Federation","Non-governmental organization","Health systems strengthening,Maternal/reproductive health,Child health","Belgium","Europe"
"International Federation for Spina Bifida and Hydrocephalus","Non-governmental organization","Health systems strengthening,Maternal/reproductive health,Newborn health","Belgium","Europe"
"International Federation of Gynaecology and Obstetrics (FIGO)","Professional association","Maternal/reproductive health,Child health","Canada","Americas"
"International Federation of Pharmaceutical Wholesalers (IFPW)","Private sector","Health systems strengthening","United States of America","Americas"
"International Foundation For Mother & Child Health","Non-governmental organization","Maternal/reproductive health,Newborn health,Child health","United Kingdom of Great Britain and Northern Ireland","Europe"
"International HIV/AIDS Alliance","Non-governmental organization","Maternal/reproductive health","United Kingdom of Great Britain and Northern Ireland","Europe"
"International Initiative on Maternal Mortality and Human Rights","Non-governmental organization","Maternal/reproductive health,Child health","United States of America","Americas"
"International Institute for Health Care Professionals","Academic, research and training institute","Maternal/reproductive health,Newborn health,Child health","United States of America","Americas"
"International Institute for Population Sciences (IIPS)","Academic, research and training institute","Health systems strengthening","India","South-East Asia"
"International Labour Organization (ILO)","Multilateral organization","Health systems strengthening,Child health","Switzerland","Europe"
"International Lactation Consultant Association (ILCA)","Non-governmental organization","Health systems strengthening,Maternal/reproductive health,Newborn health","United States of America","Americas"
"International Maternal and Child Health Foundation (IMCHF)","Non-governmental organization","Health systems strengthening,Maternal/reproductive health,Newborn health","Canada","Americas"
"International Pediatric Association (IPA)","Professional association","Child health","Canada","Americas"
"International Pharmaceutical Federation (FIP)","Professional association","Health systems strengthening","Netherlands","Europe"
"International Planned Parenthood Federation (IPPF)","Non-governmental organization","Maternal/reproductive health","United Kingdom of Great Britain and Northern Ireland","Europe"
"International Planned Parenthood Federation/Western Hemisphere Region","Academic, research and training institute","Maternal/reproductive health","United States of America","Americas"
"International Pregnancy Advisory Services (IPAS)","Non-governmental organization","Maternal/reproductive health","United States of America","Americas"
"International Relief and Development","Non-governmental organization","n/a","United States of America","Americas"
"International Relief and Development","Non-governmental organization","Health systems strengthening,Maternal/reproductive health,Newborn health","United States of America","Americas"
"International Society for the Study of Hypertension in Pregnancy","Professional association","Maternal/reproductive health","Netherlands","Europe"
"International Society of Ultrasound in Obstetrics and Gynecology (ISUOG)","Professional association","Health systems strengthening,Maternal/reproductive health","United Kingdom of Great Britain and Northern Ireland","Europe"
"International Union Against Tuberculosis and Lung Disease","Professional association","Health systems strengthening","France","Europe"
"Interprea","Non-governmental organization","Maternal/reproductive health,Child health","United States of America","Americas"
"IntraHealth International, Inc.","Non-governmental organization","Health systems strengthening,Child health","United States of America","Americas"
"Italy, Development Cooperation (Directorate General for)","Donor and foundation","Health systems strengthening,Maternal/reproductive health,Newborn health","Italy","Europe"
"Jaipur Zila Vikas Parishad","Non-governmental organization","Maternal/reproductive health,Newborn health,Child health,Child health","India","South-East Asia"
"Janhit Kalyan Evam Vikas Sansthan","Non-governmental organization","Maternal/reproductive health,Child health","India","South-East Asia"
"Japan International Cooperation Agency","Donor and foundation","Health systems strengthening,Child health","Japan","Western Pacific"
"Japanese Organization for International Cooperation in Family Planning (JOICFP)","Non-governmental organization","Maternal/reproductive health,Child health","Japan","Western Pacific"
"Jhpiego","Non-governmental organization","Maternal/reproductive health,Newborn health,Child health","United States of America","Americas"
"John Snow, Inc.","Non-governmental organization","Maternal/reproductive health,Newborn health,Child health,Child health","United States of America","Americas"
"Johns Hopkins Bloomberg School of Public Health","Academic, research and training institute","Health systems strengthening","United States of America","Americas"
"Johnson & Johnson","Private sector","Health systems strengthening,Maternal/reproductive health,Newborn health","United States of America","Americas"
"Kalpavriksh","Non-governmental organization","Health systems strengthening,Maternal/reproductive health,Child health","India","South-East Asia"
"Kano Stasion ctv67","Non-governmental organization","Maternal/reproductive health,Child health","Nigeria","Africa"
"Karolinska Institute","Academic, research and training institute","Health systems strengthening","Sweden","Europe"
"Kenya Association for Maternal and Neonatal Health (KAMANEH)","Non-governmental organization","Maternal/reproductive health,Newborn health,Child health","Kenya","Africa"
"Kenya Community Health Network","Non-governmental organization","Health systems strengthening,Maternal/reproductive health,Newborn health","Kenya","Africa"
"Kids and Teens Resource Centre","Non-governmental organization","Newborn health,Child health","Nigeria","Africa"
"Kisumu Kids Empowerment Organization","Non-governmental organization","Health systems strengthening,Maternal/reproductive health,Newborn health,Child health","Kenya","Africa"
"KOICA (Korea International Cooperation Agency)","Donor and foundation","Health systems strengthening,Maternal/reproductive health,Newborn health","Republic of Korea","Western Pacific"
"Korea Foundation for International Healthcare (KOFIH","Donor and foundation","Maternal/reproductive health,Child health","Republic of Korea","Western Pacific"
"Krityanand UNESCO Club","Non-governmental organization","Health systems strengthening,Maternal/reproductive health,Child health","India","South-East Asia"
"Kulwanti Hospitals & Research Centre","Non-governmental organization","Health systems strengthening,Maternal/reproductive health,Newborn health,Child health","India","South-East Asia"
"Kyabugimbi Community Based Health Care Association (KCBHC)","Non-governmental organization","Health systems strengthening","Uganda","Africa"
"La Leche League International","Non-governmental organization","Maternal/reproductive health,Newborn health,Child health","United States of America","Americas"
"Latin American Maternal Mortality Reduction Initiative","Non-governmental organization","Maternal/reproductive health","United States of America","Americas"
"Legal Aid Centre for Women","Non-governmental organization","Maternal/reproductive health","India","South-East Asia"
"Libyan Society for Safe Childhood (LSSC)","Non-governmental organization","Child health,Child health","Libyan Arab Jamahiriya","Eastern Mediterranean"
"Life Bridge US","Non-governmental organization","Health systems strengthening,Maternal/reproductive health,Newborn health","Pakistan","South-East Asia"
"Life Saving Organization for Afghanistan (LSOA )","Non-governmental organization","Maternal/reproductive health","Afghanistan","South-East Asia"
"Lifeline Foundation Nigeria","Non-governmental organization","Child health","Nigeria","Africa"
"Little Big Souls","Non-governmental organization","Newborn health","United Kingdom of Great Britain and Northern Ireland","Europe"
"Live Alive Foundation","Non-governmental organization","Child health","Nigeria","Africa"
"Local Development Agency on Reproductive and Maternal Health (LODARMAH)","Non-governmental organization","Health systems strengthening,Maternal/reproductive health,Newborn health","Ghana","Africa"
"London School of Hygiene and Tropical Medicine (LSHTM/IDEU)","Academic, research and training institute","Maternal/reproductive health,Child health","United Kingdom of Great Britain and Northern Ireland","Europe"
"MacArthur Foundation","Donor and foundation","Health systems strengthening","United States of America","Americas"
"Mahatma Gandhi Institute of Medical Sciences","Academic, research and training institute","Health systems strengthening,Maternal/reproductive health,Newborn health,Child health","India","South-East Asia"
"MAMTA - Health Institute for Mother and Child","Non-governmental organization","Health systems strengthening,Maternal/reproductive health,Newborn health","India","South-East Asia"
"Management Sciences for Health","Non-governmental organization","Health systems strengthening,Maternal/reproductive health,Newborn health,Child health","United States of America","Americas"
"Manav Kalyan Pratisthan","Non-governmental organization","Maternal/reproductive health","India","South-East Asia"
"Mant Kolkata","Non-governmental organization","Health systems strengthening","India","South-East Asia"
"MARCH Centre","Non-governmental organization","Maternal/reproductive health,Newborn health,Child health","United Kingdom of Great Britain and Northern Ireland","Europe"
"March of Dimes","Non-governmental organization","Maternal/reproductive health,Newborn health","United States of America","Americas"
"March of Youth for Health, Education and Action for Rural Trust (MY-HEART)","Non-governmental organization","Health systems strengthening","India","South-East Asia"
"Marie Stopes International","Non-governmental organization","Maternal/reproductive health","United Kingdom of Great Britain and Northern Ireland","Europe"
"Maternal and Child Health Integrated Program","Non-governmental organization","Maternal/reproductive health,Newborn health,Child health","United States of America","Americas"
"Maternal and Newborn Health in Ethiopia Partnership","Non-governmental organization","Health systems strengthening,Maternal/reproductive health,Newborn health","United States of America","Americas"
"Maternal Health Task Force","Non-governmental organization","Maternal/reproductive health,Newborn health,Child health","United States of America","Americas"
"Maternity Worldwide","Non-governmental organization","Maternal/reproductive health","United Kingdom of Great Britain and Northern Ireland","Europe"
"M�decins du Monde Suisse","Non-governmental organization","Health systems strengthening,Maternal/reproductive health,Newborn health","Switzerland","Europe"
"Medical Women's International Association","Non-governmental organization","Maternal/reproductive health,Newborn health,Child health","Canada","Americas"
"Medicus Mundi International Network","Non-governmental organization","Health systems strengthening,Maternal/reproductive health,Newborn health","Switzerland","Europe"
"Medtronic Foundation","Private sector","Health systems strengthening,Maternal/reproductive health,Child health","United States of America","Americas"
"Meera Foundation (Mutual Education for Empowerment & Rural Action)","Non-governmental organization","Newborn health,Child health","India","South-East Asia"
"MEMISA","Non-governmental organization","Health systems strengthening,Maternal/reproductive health,Child health","Belgium","Europe"
"Merck & Co., Inc.","Private sector","Health systems strengthening,Maternal/reproductive health,Newborn health","United States of America","Americas"
"Metis National Council","Non-governmental organization","Health systems strengthening","Canada","Americas"
"Micronutrient Initiative","Non-governmental organization","Health systems strengthening","Canada","Americas"
"Moi University","Academic, research and training institute","Health systems strengthening","Kenya","Africa"
"Mother & Child Health Care (MCHCare)","Non-governmental organization","Maternal/reproductive health,Child health","Nigeria","Africa"
"Mother Health International","Non-governmental organization","Child health","United States of America","Americas"
"MotherNewBorNet","Non-governmental organization","Maternal/reproductive health,Newborn health","Bangladesh","South-East Asia"
"Mothers at Risk","Non-governmental organization","Maternal/reproductive health","Belgium","Europe"
"Mothers2Mothers International","Non-governmental organization","Health systems strengthening,Maternal/reproductive health,Newborn health","South Africa","Africa"
"Mwagala Health Centre","Non-governmental organization","Health systems strengthening,Maternal/reproductive health,Newborn health","United Republic of Tanzania","Africa"
"Nagaad Umbrella Organization","Non-governmental organization","Maternal/reproductive health","Somalia","Eastern Mediterranean"
"Nahar King Welfare Organization (NKWO)","Non-governmental organization","Health systems strengthening,Maternal/reproductive health,Newborn health,Child health","Pakistan","South-East Asia"
"Narayana Medical Institutions","Academic, research and training institute","Health systems strengthening,Maternal/reproductive health,Newborn health","India","South-East Asia"
"Nari Unnayan Sangstha (NUS)","Non-governmental organization","Maternal/reproductive health,Child health","Bangladesh","South-East Asia"
"Narotam Sekhsaria Foundation","Academic, research and training institute","Health systems strengthening,Maternal/reproductive health,Newborn health","India","South-East Asia"
"National Center for Child Health and Development - Department of Health Policy","Academic, research and training institute","Health systems strengthening,Maternal/reproductive health,Newborn health","Japan","Western Pacific"
"National Center for Global Health and Medicine","Academic, research and training institute","Health systems strengthening,Maternal/reproductive health,Newborn health,Child health","Japan","Western Pacific"
"National Committee for Maternal Health (NCMH)","Non-governmental organization","Maternal/reproductive health","Pakistan","South-East Asia"
"National Fund for Health Development","Non-governmental organization","Health systems strengthening,Maternal/reproductive health,Newborn health,Child health","Russian Federation","Europe"
"National Institute of Applied Human Research & Development (NIAHRD)","Non-governmental organization","Maternal/reproductive health,Newborn health,Child health","India","South-East Asia"
"National Institute of Child Health and Human Development, US (NICHD)","Academic, research and training institute","Maternal/reproductive health,Newborn health,Child health","United States of America","Americas"
"National Research Center of Maternal and Child Care","Academic, research and training institute","Health systems strengthening,Maternal/reproductive health,Newborn health,Child health","Kazakhstan","Europe"
"Nations Capacity Building Programme (NCBP)","Non-governmental organization","Health systems strengthening,Maternal/reproductive health","Pakistan","South-East Asia"
"Nepal Social Marketing and Franchising Project","Non-governmental organization","Health systems strengthening","Nepal","South-East Asia"
"Netherlands (The), Ministry of Foreign Affairs","Donor and foundation","Health systems strengthening,Maternal/reproductive health,Newborn health,Child health","The Netherlands","Europe"
"Norwegian Afghanistan Committee (NAC)","Non-governmental organization","Maternal/reproductive health,Newborn health,Child health","Norway","Europe"
"Norwegian Agency for Development Cooperation","Donor and foundation","Health systems strengthening,Maternal/reproductive health,Newborn health","Norway","Europe"
"Novartis Foundation for Sustainable Development","Private sector","Health systems strengthening,Maternal/reproductive health,Newborn health","Switzerland","Europe"
"Novo Nordisk A/S","Private sector","Health systems strengthening,Maternal/reproductive health,Newborn health","Denmark","Europe"
"Obstetric Anaesthetists' Association (OAA)","Professional association","Maternal/reproductive health","United Kingdom of Great Britain and Northern Ireland","Europe"
"Obstetric Fistula Working Group - UNFPA","Non-governmental organization","Maternal/reproductive health","United States of America","Americas"
"Obstetrical and Gynaecological Society of Bangladesh","Professional association","Maternal/reproductive health","Bangladesh","South-East Asia"
"Odysseus Foundation (The)","Non-governmental organization","Health systems strengthening,Maternal/reproductive health,Child health","United Kingdom of Great Britain and Northern Ireland","Europe"
"ONE","Non-governmental organization","Health systems strengthening,Maternal/reproductive health,Newborn health","United States of America","Americas"
"Operation ASHA","Non-governmental organization","Health systems strengthening,Maternal/reproductive health,Newborn health,Child health","India","South-East Asia"
"Operation Smile, Inc.","Non-governmental organization","Health systems strengthening,Maternal/reproductive health,Newborn health,Child health","United States of America","Americas"
"Options Consultancy","Non-governmental organization","Health systems strengthening,Maternal/reproductive health,Newborn health","United Kingdom of Great Britain and Northern Ireland","Europe"
"Options Consultancy","Non-governmental organization","Health systems strengthening","South Africa","Africa"
"Organisation pour la Sante des delaisses (OSAD)","Non-governmental organization","Health systems strengthening","Democratic Republic of the Congo","Africa"
"Organization for Good Life of the Marginalized","Non-governmental organization","Maternal/reproductive health,Newborn health,Child health","Uganda","Africa"
"Organization for Public Health Interventions & Development (OPHID)","Non-governmental organization","Maternal/reproductive health,Newborn health,Child health","Zimbabwe","Africa"
"Ormylia Foundation (The)","Professional association","Maternal/reproductive health,Child health,Child health","Greece","Europe"
"Orphans Relief Services Tanzania (ORES)","Non-governmental organization","Maternal/reproductive health,Newborn health,Child health","United Republic of Tanzania","Africa"
"Osaka Medical Center and Research Institute for Maternal and Child Health","Academic, research and training institute","Maternal/reproductive health,Newborn health,Child health","Japan","Western Pacific"
"Oslo University Hospital Norway, Department of Maternal and Child Health","Academic, research and training institute","Child health","Norway","Europe"
"Osservatorio Nazionale sulla Salute della Donna (O.N.da)","Non-governmental organization","Maternal/reproductive health,Newborn health,Child health","Italy","Europe"
"Pan African Development, Education and Advocacy Programme (PADEAP)","Non-governmental organization","Health systems strengthening,Maternal/reproductive health,Child health","United Kingdom of Great Britain and Northern Ireland","Europe"
"Parish Nurse Ministry","Non-governmental organization","Maternal/reproductive health,Newborn health,Child health,Child health","Pakistan","Europe"
"Partners In Health","Non-governmental organization","Health systems strengthening,Maternal/reproductive health,Newborn health","United States of America","Americas"
"Partners in Population and Development","Multilateral organization","Health systems strengthening,Maternal/reproductive health,Newborn health","Bangladesh","South-East Asia"
"Pathfinder International","Non-governmental organization","Health systems strengthening,Maternal/reproductive health,Newborn health","United States of America","Americas"
"Peace and Life Enhancement Initiative International (PLEII)","Non-governmental organization","Health systems strengthening,Maternal/reproductive health,Newborn health","Nigeria","Africa"
"Peking University, School of Public Health","Academic, research and training institute","Health systems strengthening,Maternal/reproductive health,Child health","China","Western Pacific"
"Perinatal Education Trust","Non-governmental organization","Maternal/reproductive health,Newborn health","South Africa","Africa"
"Petcom Integrated Training Consult","Non-governmental organization","Maternal/reproductive health,Newborn health,Child health","Nigeria","Africa"
"Pfizer, Inc.","Private sector","Health systems strengthening,Maternal/reproductive health,Newborn health","United States of America","Americas"
"Pharmed Trade News","Non-governmental organization","Maternal/reproductive health,Newborn health,Child health","India","South-East Asia"
"Philippine NGO Council on Population Health & Welfare, Inc. (PNGOC)","Non-governmental organization","Health systems strengthening,Maternal/reproductive health","Philippines","Western Pacific"
"Plan International Canada","Non-governmental organization","Health systems strengthening,Maternal/reproductive health,Newborn health","Canada","Americas"
"Plan International USA","Non-governmental organization","Child health","United States of America","Americas"
"Polli Dustha Kallyan Shangstha (PDKS)","Non-governmental organization","Maternal/reproductive health,Newborn health,Child health","Bangladesh","South-East Asia"
"Population Action International","Non-governmental organization","Maternal/reproductive health,Child health","United States of America","Americas"
"Population Council","Non-governmental organization","Health systems strengthening,Maternal/reproductive health,Child health","United States of America","Americas"
"Population Media Center","Non-governmental organization","Health systems strengthening,Maternal/reproductive health,Child health","United States of America","Americas"
"Population Reference Bureau","Non-governmental organization","Health systems strengthening,Maternal/reproductive health,Child health","United States of America","Americas"
"Population Services International","Non-governmental organization","Maternal/reproductive health,Newborn health,Child health","India","South-East Asia"
"Pre-vent","Non-governmental organization","Health systems strengthening,Maternal/reproductive health,Newborn health","United States of America","Americas"
"Prince Leopold Institute of Tropical Medicine Antwerp","Academic, research and training institute","Health systems strengthening","Belgium","Europe"
"Program for Appropriate Technology in Health (PATH)","Non-governmental organization","Maternal/reproductive health,Newborn health,Child health","United States of America","Americas"
"Program on Forced Migration and Health","Academic, research and training institute","Health systems strengthening","United States of America","Americas"
"Programme for Global Paediatric Research (PGPR)","Academic, research and training institute","Health systems strengthening,Maternal/reproductive health,Newborn health","Canada","Americas"
"PROJECT C.U.R.E. (Benevolent Healthcare Foundation)","Non-governmental organization","Health systems strengthening","United States of America","Americas"
"Project Concern International","Non-governmental organization","Health systems strengthening,Maternal/reproductive health,Newborn health","India","South-East Asia"
"Project HOPE (Health Opportunities for People Everywhere)","Non-governmental organization","Health systems strengthening,Maternal/reproductive health","United States of America","Americas"
"Promundo","Non-governmental organization","Health systems strengthening,Maternal/reproductive health,Newborn health","United States of America","Americas"
"PSI","Non-governmental organization","Maternal/reproductive health,Child health","United States of America","Americas"
"PSS Educational Development Society","Non-governmental organization","Child health","India","South-East Asia"
"Qazvin Medical University","Academic, research and training institute","Health systems strengthening,Maternal/reproductive health,Child health","Islamic Republic of Iran","Eastern Mediterranean"
"Rainbow Health Care and Research Foundation","Non-governmental organization","n/a","India","South-East Asia"
"Rainbow Nari O shishu Kallyan Foundation","Non-governmental organization","Health systems strengthening,Maternal/reproductive health,Child health","Bangladesh","South-East Asia"
"Rakiya Rural Approach Network","Professional association","Maternal/reproductive health,Newborn health,Child health","Nigeria","Africa"
"RDRS Bangladesh","Non-governmental organization","Health systems strengthening,Maternal/reproductive health,Newborn health","Bangladesh","South-East Asia"
"Redeem Community Health Consult","Non-governmental organization","Health systems strengthening","Nigeria","Africa"
"Regional Prevention of Maternal Mortality Network","Non-governmental organization","Health systems strengthening","Ghana","Africa"
"Religions for Peace","Non-governmental organization","Maternal/reproductive health,Child health","United States of America","Americas"
"Reproductive & Child Health Research Unit","Academic, research and training institute","Health systems strengthening,Maternal/reproductive health,Newborn health","Sudan","Eastern Mediterranean"
"Reproductive Health National Council","Other","Health systems strengthening,Maternal/reproductive health,Newborn health","Georgia","Europe"
"Reproductive Health Response in Conflict (RHRC) Consortium","Non-governmental organization","Maternal/reproductive health","United States of America","Americas"
"Reproductive Health Supplies Coalition","Non-governmental organization","Health systems strengthening,Maternal/reproductive health","Belgium","Europe"
"Research Triangle Institute","Academic, research and training institute","Health systems strengthening","United States of America","Americas"
"Reseau Ensemble pour le Developpement Durable du District d'Arta (EDDA)","Non-governmental organization","Health systems strengthening,Maternal/reproductive health,Child health","Djibouti","Eastern Mediterranean"
"Riders for Health","Non-governmental organization","Health systems strengthening,Maternal/reproductive health,Newborn health","United Kingdom of Great Britain and Northern Ireland","Europe"
"Rotarian Action Group for Population & Development (RFPD)","Non-governmental organization","Health systems strengthening","Germany","Europe"
"Royal College of Nursing","Professional association","Health systems strengthening,Maternal/reproductive health,Child health","United Kingdom of Great Britain and Northern Ireland","Europe"
"Royal College of Obstetricians and Gynaecologists","Professional association","Health systems strengthening,Maternal/reproductive health,Child health","United Kingdom of Great Britain and Northern Ireland","Europe"
"Rural Integrated Relief Service","Non-governmental organization","Maternal/reproductive health,Newborn health,Child health,Child health","Ghana","Africa"
"Rural Youth Development and Cultural Society","Non-governmental organization","Health systems strengthening,Maternal/reproductive health,Newborn health,Child health","India","South-East Asia"
"Rurowa Laue Tathang (RLT)","Non-governmental organization","Maternal/reproductive health","Bangladesh","South-East Asia"
"Rutgers Nisso Groep/Youth Incentives","Non-governmental organization","Maternal/reproductive health","Netherlands","Europe"
"Rwanda Initiative for Sustainable Environment and Agriculture (RISE)","Non-governmental organization","Health systems strengthening,Maternal/reproductive health,Child health","Rwanda","Africa"
"Safaricom Limited","Private sector","Health systems strengthening,Maternal/reproductive health,Newborn health","Kenya","Africa"
"Safe Motherhood Network Federation Nepal","Non-governmental organization","Maternal/reproductive health,Child health","Nepal","South-East Asia"
"Safe Motherhood Programs, Bixby Center for Global Reproductive Health","Academic, research and training institute","Maternal/reproductive health,Child health","United States of America","Americas"
"Sahan Relief and Development Organization","Non-governmental organization","Health systems strengthening,Maternal/reproductive health,Newborn health","Canada","Americas"
"Saint Francis Health Care Services","Non-governmental organization","Health systems strengthening,Maternal/reproductive health,Newborn health","Uganda","Africa"
"Samaritan Development Organization","Non-governmental organization","Health systems strengthening","Uganda","Africa"
"Samarpan Sewa Samiti","Non-governmental organization","Maternal/reproductive health","India","South-East Asia"
"Sant? Globale D?veloppement Int?gr? (SDI)","Non-governmental organization","Maternal/reproductive health,Newborn health,Child health","Democratic Republic of the Congo","Africa"
"Saraswathy Shanmugam Public Charitable Trust","Non-governmental organization","Health systems strengthening,Maternal/reproductive health,Child health","India","South-East Asia"
"Save Mothers Foundation","Non-governmental organization","Maternal/reproductive health","United Kingdom of Great Britain and Northern Ireland","Europe"
"Save the Children","Non-governmental organization","Child health","United Kingdom of Great Britain and Northern Ireland","Europe"
"Save the Children","Non-governmental organization","Child health,Child health","United States of America","Americas"
"Save the Children, India","Non-governmental organization","Health systems strengthening,Maternal/reproductive health,Newborn health","India","South-East Asia"
"Save the Children, Saving Newborn Lives Program","Non-governmental organization","Newborn health,Child health","United States of America","Americas"
"Save the Mothers East Africa","Non-governmental organization","Health systems strengthening,Maternal/reproductive health,Newborn health","Uganda","Africa"
"Save Visions Africa (SVA)","Non-governmental organization","Maternal/reproductive health,Newborn health,Child health,Child health","Nigeria","Africa"
"School of Human Sciences","Academic, research and training institute","Maternal/reproductive health,Child health,Child health","Japan","Western Pacific"
"Seattle Home Maternity Service","Non-governmental organization","Maternal/reproductive health","United States of America","Americas"
"Serve Train Educate People's Society (STEPS)","Non-governmental organization","Maternal/reproductive health,Newborn health,Child health,Child health","India","South-East Asia"
"Shri Mahila Evam Jan Kalyan Sewa Sansthan","Non-governmental organization","Health systems strengthening,Maternal/reproductive health,Newborn health,Child health","India","South-East Asia"
"Shri Mahila Evam Jan Kalyan Sewa Sansthan","Non-governmental organization","Health systems strengthening,Maternal/reproductive health,Newborn health","India","South-East Asia"
"SIMAVI","Non-governmental organization","Maternal/reproductive health","Netherlands","Europe"
"SingHealth IMPACT","Non-governmental organization","Health systems strengthening","Singapore","Western Pacific"
"Siyabhabha Trust - Caritas","Non-governmental organization","Maternal/reproductive health,Newborn health,Child health","South Africa","Africa"
"Social Development & Management Society","Non-governmental organization","Health systems strengthening,Maternal/reproductive health,Newborn health","India","South-East Asia"
"Social Fund for Development Egypt","Non-governmental organization","Health systems strengthening,Maternal/reproductive health","Egypt","Eastern Mediterranean"
"Social Welfare and Community Development Society","Non-governmental organization","Maternal/reproductive health,Newborn health,Child health","Pakistan","South-East Asia"
"Society for Advancement of Health, Education and Research (SAHER)","Non-governmental organization","Maternal/reproductive health,Newborn health,Child health","Pakistan","South-East Asia"
"Society for Anti AIDS Among the Nigerian Students (SANS)","Non-governmental organization","Maternal/reproductive health","Nigeria","Africa"
"Society for Developmental Action","Non-governmental organization","Health systems strengthening,Maternal/reproductive health,Child health","India","South-East Asia"
"Society for Education, Action, and Research in Community Health (SEARCH)","Academic, research and training institute","Maternal/reproductive health,Newborn health","India","South-East Asia"
"Society of Obstetricians & Gynaecologists of Pakistan (SOGP)","Professional association","Maternal/reproductive health,Child health","Pakistan","South-East Asia"
"Society of Obstetricians and Gynecologists of Canada (SOGC)","Professional association","Maternal/reproductive health","Canada","Americas"
"Southern Health Improvement Samity (SHIS)","Non-governmental organization","Health systems strengthening,Maternal/reproductive health,Newborn health","India","South-East Asia"
"Space Allies","Non-governmental organization","Maternal/reproductive health","Japan","Western Pacific"
"SPECTRA ORG","Non-governmental organization","Maternal/reproductive health,Child health,Child health","India","Western Pacific"
"SRUSTI","Non-governmental organization","Health systems strengthening,Maternal/reproductive health","India","South-East Asia"
"Student Campaign for Child Survival (SCCS)","Non-governmental organization","Child health,Child health","United States of America","Americas"
"Students' World Health Assembly Nijmegen (SWHAN)","Non-governmental organization","Health systems strengthening,Maternal/reproductive health,Newborn health","Netherlands","Europe"
"Suez Canal University, Faculty of Medicine","Academic, research and training institute","Health systems strengthening,Child health","Egypt","Eastern Mediterranean"
"SUPRATIVA","Non-governmental organization","Health systems strengthening,Maternal/reproductive health,Newborn health","India","South-East Asia"
"Swaasthya Trust","Non-governmental organization","Health systems strengthening,Maternal/reproductive health,Newborn health,Child health","India","South-East Asia"
"Swami Ram Krishna Paramhansa Maa Sahrda Sewa Samiti (SRKM Civil Society)","Non-governmental organization","Maternal/reproductive health,Newborn health","India","South-East Asia"
"Swasti","Non-governmental organization","Health systems strengthening,Child health","India","South-East Asia"
"Swat Youth Front","Non-governmental organization","Maternal/reproductive health,Child health,Child health","Pakistan","South-East Asia"
"Sweden, Ministry of Foreign Affairs","Donor and foundation","Health systems strengthening,Child health","Sweden","Europe"
"Tamil Nadu Federation of Obstetricians & Gynecologists","Professional association","Maternal/reproductive health","India","South-East Asia"
"Task Force for Child Survival and Development","Non-governmental organization","Health systems strengthening","United States of America","Americas"
"The Hunger Project","Non-governmental organization","Health systems strengthening,Maternal/reproductive health,Newborn health","United States of America","Americas"
"The Manoff Group","Non-governmental organization","Health systems strengthening","United States of America","Americas"
"The Uganda Safe Birth Organization (TUSBO)","Non-governmental organization","Health systems strengthening,Maternal/reproductive health,Newborn health","Uganda","Africa"
"Treatment Advocacy and Literacy Campaign (TALC)","Non-governmental organization","Maternal/reproductive health,Newborn health,Child health","Zambia","Africa"
"Tribhuvan University","Academic, research and training institute","Health systems strengthening","Nepal","South-East Asia"
"Tulane Center for Evidence-Based Global Health (CEBGH)","Academic, research and training institute","Health systems strengthening,Maternal/reproductive health,Newborn health,Child health","United States of America","Americas"
"U.S. Agency for International Development (USAID)","Donor and foundation","Health systems strengthening","United States of America","Americas"
"Uganda Protestant Medical Bureau (UPMB)","Non-governmental organization","Health systems strengthening,Maternal/reproductive health,Child health","Uganda","Africa"
"Ume? International School of Public Health","Academic, research and training institute","Health systems strengthening,Child health","Sweden","Europe"
"UNAIDS Secretariat","Multilateral organization","Health systems strengthening,Child health","Switzerland","Europe"
"United Nations Children's Fund (UNICEF)","Multilateral organization","Maternal/reproductive health,Child health,Child health","United States of America","Americas"
"United Nations Foundation (UNF)","Donor and foundation","Maternal/reproductive health,Newborn health,Child health","United States of America","Americas"
"United Nations Office for Project Services (UNOPS)","Multilateral organization","Health systems strengthening","Denmark","Europe"
"United Nations Population Fund (UNFPA)","Multilateral organization","Health systems strengthening,Maternal/reproductive health,Newborn health","United States of America","Americas"
"Unity for Promotion of Health and Development","Non-governmental organization","Maternal/reproductive health,Newborn health,Child health","India","South-East Asia"
"Universal Versatile Society","Non-governmental organization","Health systems strengthening,Maternal/reproductive health,Newborn health","India","South-East Asia"
"University of Bergen","Academic, research and training institute","Health systems strengthening,Child health","Norway","Europe"
"University of KwaZulu-Natal","Academic, research and training institute","Health systems strengthening","South Africa","Africa"
"University of Lagos","Academic, research and training institute","Health systems strengthening","Nigeria","Africa"
"University of Limpopo","Academic, research and training institute","Health systems strengthening,Child health","South Africa","Africa"
"University of the Western Cape","Academic, research and training institute","Health systems strengthening","South Africa","Africa"
"University of Zambia","Academic, research and training institute","Health systems strengthening,Maternal/reproductive health","Zambia","Africa"
"University Research Co., LLC","Non-governmental organization","Health systems strengthening","United States of America","Americas"
"US Coalition for Child Survival","Non-governmental organization","Child health,Child health","United States of America","Americas"
"Vaah Junior Foundation for Better Maternal and Child Health","Non-governmental organization","Maternal/reproductive health,Newborn health","Ghana","Africa"
"Vanderbilt University Medical Center: Center for Evidence-Based Medicine and Institute for Global Health","Academic, research and training institute","Health systems strengthening,Child health","United States of America","Americas"
"Vicez Global Charities Inc.","Non-governmental organization","Health systems strengthening,Maternal/reproductive health,Newborn health","United States of America","Americas"
"Volta Regional Health Administration","Non-governmental organization","Health systems strengthening,Child health","Ghana","Africa"
"WaterAid","Non-governmental organization","Health systems strengthening,Maternal/reproductive health,Newborn health","United Kingdom of Great Britain and Northern Ireland","Europe"
"Wellbeing Foundation Nigeria","Non-governmental organization","Maternal/reproductive health,Newborn health,Child health","Nigeria","Africa"
"WellShare International","Non-governmental organization","Maternal/reproductive health,Newborn health,Child health","United States of America","Americas"
"White Ribbon Alliance","Non-governmental organization","Maternal/reproductive health,Newborn health,Child health","United States of America","Americas"
"White Ribbon Alliance","Non-governmental organization","Maternal/reproductive health,Newborn health,Child health","Zambia","Africa"
"Women Acting Together for Change (WATCH)","Non-governmental organization","Maternal/reproductive health,Newborn health","Nepal","South-East Asia"
"Women Advocates Research and Documentation Center","Non-governmental organization","Maternal/reproductive health,Child health","Nigeria","Africa"
"Women and Children Agenda (WCA)","Non-governmental organization","Health systems strengthening,Maternal/reproductive health,Newborn health","Uganda","Africa"
"Women and Children First","Non-governmental organization","Maternal/reproductive health,Newborn health","United Kingdom of Great Britain and Northern Ireland","Europe"
"Women and Community Livelihood Foundation","Non-governmental organization","Maternal/reproductive health,Newborn health,Child health","Nigeria","Africa"
"Women and Health Alliance International","Non-governmental organization","Maternal/reproductive health,Newborn health,Child health","France","Europe"
"Women Deliver","Non-governmental organization","Maternal/reproductive health,Newborn health,Child health","United States of America","Americas"
"Women United for Economic Empowerment (WUEE)","Non-governmental organization","Maternal/reproductive health","Nigeria","Africa"
"Women's Global Health Imperative at RTI","Academic, research and training institute","Maternal/reproductive health,Child health","United States of America","Americas"
"Women's Health and Action Research Centre (WHARC)","Non-governmental organization","Maternal/reproductive health,Child health","Nigeria","Africa"
"Women's Health and Education Center (WHEC)","Non-governmental organization","Maternal/reproductive health","United States of America","Americas"
"Women's Initiative for Self-Actualization (WISA)","Non-governmental organization","Maternal/reproductive health,Newborn health,Child health","Nigeria","Africa"
"World Bank","Multilateral organization","Health systems strengthening,Maternal/reproductive health,Newborn health","United States of America","Americas"
"World Federation of Societies of Anaesthesiologists (WFSA)","Professional association","Maternal/reproductive health,Newborn health,Child health","United Kingdom of Great Britain and Northern Ireland","Europe"
"World Health Organization","Multilateral organization","Health systems strengthening,Maternal/reproductive health,Newborn health","Switzerland","Europe"
"World Vision International","Non-governmental organization","Health systems strengthening,Maternal/reproductive health,Newborn health","United States of America","Americas"
"Youth Ambassadors Singinda (YAS)","Non-governmental organization","Health systems strengthening,Maternal/reproductive health,Newborn health","United Republic of Tanzania","Africa"
"Youth Coalition for Sexual and Reproductive Rights","Non-governmental organization","Maternal/reproductive health","Canada","Americas"
"Youth Empowerment for Development Ministries International (YEDEM)","Non-governmental organization","Maternal/reproductive health,Child health,Child health","Sierra Leone","Africa"
"Youth Front Pakistan (YFP)","Non-governmental organization","Maternal/reproductive health,Newborn health,Child health,Child health","Pakistan","South-East Asia"
"Youth Peer Education Network (Y-PEER)","Non-governmental organization","Child health,Child health","United States of America","Americas"
"Zimbabwe Grace Trust","Non-governmental organization","Health systems strengthening,Maternal/reproductive health,Newborn health","Zimbabwe","Africa"
